userName,score,at,content
adikebats team,5,2023-06-04 01:12:46,keren
Au ra,5,2023-06-04 01:12:27,"Suka,,, selama ini pesanan tidak pernah mengecewakan Dan seller nya amanah. Alhamdulillah semoga makin baik terus makin baik lagi dan lagi"
risna wati,5,2023-06-04 01:12:18,Sejauh ini layanan paling terpercaya yah di shopee. Ongkirpun murah.
bersama yt,1,2023-06-04 01:10:19,Shopepaynya g bs dpet gratis lg. Jd malas
andi kurnia,4,2023-06-04 01:09:46,"Sependapat dengan yg lain,app makin berat"
Iqbal Ramadhan,5,2023-06-04 01:07:18,Nice
Nurayu Suhaeni,2,2023-06-04 01:03:06,"Shopee sekarang udah ga kayak dulu. Lemot banget jadinya. Jaringan bagus dan spek hp besar seperti gak berguna kalau buka shopee. Pakai WiFi aja pun lemot, apalagi pakai data, astaghfirullah sekali lemotnya. *Mohon diperbaiki ya developer demi kenyamanan pengguna*"
ADISTI AZA,2,2023-06-04 01:00:07,Banyak iklan lu
Ayi Sukmara,4,2023-06-04 00:58:06,Semoga sukses buat shopee
Sunarti Narti,4,2023-06-04 00:57:35,shopee mantul
Effendy Lim,1,2023-06-04 00:53:13,"Kesal, Mode gelap tidak ada , sangat tidak nyaman dengan kondisi mata katarak"
Muhammad Kadafy,5,2023-06-04 00:49:07,Usahakan jasa pengantaran menggunakan Si cepat kalo shopee express kurang cepat & toko palsu/pengen naik ratting tapi gak ada penjualannya di banned aja(biar gak merugikan pembeli/buyer)
Hyuga Net,5,2023-06-04 00:47:46,oke
Wakiyatul Maysaroh,5,2023-06-04 00:47:43,bagus
boy Ahmad sanusi,5,2023-06-04 00:45:44,Saya gak mau ada syppy di hp saya dah pensiun tuk belanja gak mungkin bisa belanja sangat menggangu Saya lagi nonton you tube terganggu
Victor Alexander,4,2023-06-04 00:45:25,Sementara dulu ğŸ™
Chjhcgj V go k,5,2023-06-04 00:45:17,sagat bagus
Bay Bayangkara,1,2023-06-04 00:43:56,Lemot sekali yang tentunya akan berdampak untuk kecepatan chekout maupun checkin
Selvia Hanan,5,2023-06-04 00:43:03,mantap
mas dul,5,2023-06-04 00:38:57,Selama ini masih lancar semoga setrusnya ttep lancar
Siradit Aza,2,2023-06-04 00:38:56,Maaf Di kurangin bintangnya Jadi susah dan lemot sangat di sayangkanğŸ™ğŸ™ ğŸ¤¦â€â™‚ï¸Saya suka dengan aplikasi jual beli ini barangnya selalu original Sukses selalu semakin ditingkatkan lagi keaslianya Haturnhun shopee ğŸ¤—ğŸ™ğŸ‘ğŸ‘ğŸ‘ğŸ‘ğŸ‘ğŸ‘ğŸ‘
Nadlirin 60,5,2023-06-04 00:38:18,OK BAGUS SEMUANYA
Candra Gustian,2,2023-06-04 00:36:45,"saya kecewa barang rusak di jual di shopee,, beli kipas angin berharap anak bisa bawak kesekolah, eh ternyata nggak mau idup,,,, udah cet toko malah nggak ada respon sama sekali,, lap tangan udah di bayar tapi nggak datang2,, satu toko sama kipas,,"
Vito Azazel,5,2023-06-04 00:35:11,Keren
Haris Fadillah,5,2023-06-04 00:32:46,Barangnya tidak mengecewakan
faaritriy defano zaflan,4,2023-06-04 00:29:28,memang bagussss ğŸ‘ğŸ‘ğŸ‘ğŸ¤ğŸ¤ğŸ¤
Awan Suriawan,5,2023-06-04 00:28:48,"Belanja dishopee, memudahkan kami,"
Raditya Uty,2,2023-06-04 00:28:42,Saya kurangi bintangnya...koin shope nya gak bisa d tarik lg..d tambah leemoottt..
Yana Rizki,2,2023-06-04 00:28:42,"Shopee video udah bener,sekarang yang error,pada chat pembeli,pemberitahuan online pembeli nya ga jalan,offlin 4 hari,padahal pembeli aktif"
Surya Arif Darmawan99,1,2023-06-04 00:28:37,Spam iklan mulu... Ganggu
ANINDYAWATI PUTRI AYU UTAMI,5,2023-06-04 00:27:33,"Aplikasi ini sangat memudahkan saya untuk belanja,,pengirimannya jg cepat"
RENO,5,2023-06-04 00:25:55,Aplikasi nya bagus
Endang Iskandar,4,2023-06-04 00:25:09,Masih sedang blaja
Chandra Wijaya,5,2023-06-04 00:23:15,"Woww... Aplikasi yang sesuai kebutuhan untuk belanja online,dan banyak penawaran yang menarik di Shopee. Terima kasih Shopee. ğŸ¥°ğŸ˜˜ğŸ˜ğŸ¤©"
Hendra Coolz,1,2023-06-04 00:21:31,Kenapa hp sya ada ikan shoppe
Ewik Anisah,2,2023-06-04 00:20:21,"Biaya penangananya makin lama makin besar aja,, aplikasinya juga lemot"
Wildan Putra Hutama,1,2023-06-04 00:19:51,Shoppe apa kali caper amat banyak iklan nya lagi download di chrome malah ada iklan shopee 11/12 sama lazada banyak iklan nya aneh gila gw mah di paksa belanja Ama shopee tll
Mumuh Muhidin,5,2023-06-04 00:19:06,bagus pelayananya
Hendi Setiadi,1,2023-06-04 00:18:33,"Ga jelas mental terus, sebelum update sesudah update sama aja.. copot pasang juga sama aja hadehh"
Mami,5,2023-06-04 00:16:09,Shopee sangat luar biasa. ğŸ«°ğŸ«°ğŸ«°ğŸ«°
Ali As,1,2023-06-04 00:15:25,"Tidak konsisten sama sekali masa estimasi diterima otomatis diperpanjang dan paket tidak sampai-sampai, kalau sistem seperti itu akan membuat ekspedisi seenaknya sendiri mengantar paket"
Ai Apong,5,2023-06-04 00:11:05,Bagus dan langsung sampai
Natasya Ashilla zalta,1,2023-06-04 00:08:54,"Halo kk, maaf sy ganti bintangnya namun sy tidak dapat lagi memasukkan barang ke dalam keranjang saya (walau sudah dicoba berulang kali) boleh beri solusinya kk? Terimakasih. (TOLONG RESPONNYA KARENA MASIH TIDAK BISA)"
Sandi Guritamandala,5,2023-06-04 00:07:54,"Sangat membantu sekali, sangat murah dan gak ribet, Terlebih dengan komplain saya tidak bisa mengajukan spinjam sangat ditanggapi oleh pihak shoppe.Dan saat ini Alhamdulillah spinjam saya sudah DiAcc dan bisa dipakai.Tingkatkankan terus Agar pemakai aplikasi tidak kecewa.Refferensi sekali untuk semuaanya guys.....Silahkan download dan aktifkan akun mu.MANTULLLLLL"
kustini plg,2,2023-06-04 00:07:44,"Kenapa gratis ongkir min belanja 40rb gak bisa dipake padahal belanja udh lebih dr 100rb gratis ongkirnya cuma di potong 3rb,,"
Mayang Sari,5,2023-06-04 00:06:13,Mantap banget. Aplikasi yg sangat membantu.
Tika martha,1,2023-06-04 00:05:45,"Maaf tetap bintang 1. Mau cek tagihan payletter aja, nunggu lama yg muncul cuma tulisan oopps..memory kosong banyak, jaringan bagus, nunggu payletter kena denda kali, baru bisa dibukağŸ˜¤"
Roman Syah,5,2023-06-04 00:02:44,Bagus semoga bermanpaat
Mhdbagus Wahyudhi,5,2023-06-04 00:01:08,Aplikasi ny sngt bagus
Fitri Ramadani,2,2023-06-04 00:00:00,"Shopee lama sama yang baru kok beda ya Lebih enak yang lama Sekarang shopee kayak banyak aturan yg menurut saya gak jelas Mau Co barang malah gak bisa ada peringatan (gak tau peringatan apa pokok GK jelas) Jadi gak bisa belanja dengan nyaman dan baik kayak dulu Plis perbaiki, kalau bisa tetep kayak shopee yang dulu Yang sekarang gak enak"
Alamm Murkaa,5,2023-06-03 23:57:56,Sangat suka dan belanja ngga ribet ğŸ˜˜ğŸ˜˜ğŸ˜˜ğŸ˜˜ğŸ˜˜ğŸ˜˜
Ririn Pujianingsih,3,2023-06-03 23:57:36,"kenapa shopee loading sekalii , apa sedang gangguan hari ini ? saya mau bayar shopee pinjam dan spaylater gak bisa loading terus"
ayuuu ngrmdw,5,2023-06-03 23:56:29,okee
Akun Barusamsung,5,2023-06-03 23:54:27,Bismillah
Imam Mukiyin,3,2023-06-03 23:48:44,Baik
Ali Official,5,2023-06-03 23:46:26,Apk Shopee memang terbaik se Indonesia
Ndhif Arla,5,2023-06-03 23:43:36,Mudah
Sya Aja,4,2023-06-03 23:40:41,AGUS EKO
OM HERLI,5,2023-06-03 23:39:47,Shopee ia the best Shopee aplikasi belanja online nomer 1 di Indonesia Saya selalu puas dengan pelayanan dari shopee
Rifki Hidayat Setiawan,5,2023-06-03 23:37:54,"promo nya banyakin , jangan kalah sama toko sebelah"
Raffah Jambi,4,2023-06-03 23:36:17,Lumayan
AKBAR gumay,5,2023-06-03 23:34:10,Mantap
Fian Gaming,5,2023-06-03 23:33:35,Dah saya suka beli di shopee
MAHRUS EFFENDY,1,2023-06-03 23:33:34,Mohon maaf apa shopee gangguan ya? Saya buat mengisi shopee pay tidak bisa? Mohon bantuannya ğŸ™
Nurul triartika,4,2023-06-03 23:33:32,baik
Sahabat,4,2023-06-03 23:32:39,bagus
wiwin prastiwi,5,2023-06-03 23:29:17,ğŸ˜
Syarip Hidayat,5,2023-06-03 23:27:52,Oke lah
Andy Kulon,3,2023-06-03 23:24:34,Semakin lama kog lemot.bintang kurangi dl
aquinta Mahendrata,5,2023-06-03 23:22:50,Bagus
Rafif Afkari,5,2023-06-03 23:21:03,Bagus
Wina,5,2023-06-03 23:20:20,Belanja di Shopee pasti asyik
Emy Lda,3,2023-06-03 23:18:45,"Makin kesini makin lama loading ny,kadang suka eror trus"
Pak Romli,5,2023-06-03 23:18:34,"Barang sllu ad dan murah""...serta pengiriman cepatğŸ‘ğŸ‘ğŸ‘ğŸ‘"
Ramadaniar Alkaila,5,2023-06-03 23:17:19,Suka dengn shopee
Herman Setiawan,5,2023-06-03 23:11:13,Senang belanja di Shopee berkualitas
Jimmy Charles,1,2023-06-03 23:09:46,Ga ada toko yg aktifin cod apa? Resiko penipuan si.
KE Channel,1,2023-06-03 23:09:24,"Mau bayar mau ke menu paket data sama pulsa tagihan aja susah, pdhl sinyal bagus.. betulin dong saya mau bayar listrik susah amat keburu abis nih.."
Asri Adi,2,2023-06-03 23:04:16,Aplikasi shopie sangat membantu
Yamaha Stigabaya,5,2023-06-03 23:02:39,Baik
rais muhammad,5,2023-06-03 23:01:42,sukses selalu shopee!
wawan marwanto,2,2023-06-03 22:55:01,kenapa harus pake coin sih kenapa ga balik lagi ke saldo kalo nonton video.
Padil Lah,5,2023-06-03 22:54:07,Bagus ğŸ˜ğŸ™
Arisandi Tarakan,5,2023-06-03 22:53:28,Rifaldi
Muhamad Andi Saputro,5,2023-06-03 22:52:39,Mantul pokoke
Abizar Alfarizky,4,2023-06-03 22:47:31,Bagus
Cha Cha,1,2023-06-03 22:46:36,Aplikasi semakin lemot.... Semakin banyak fake akun penjual yg menipu... Padahal sudah banyak ulasan negatif tp akun tidak di blok atau dihapus oleh shopee
V Jazzy,1,2023-06-03 22:44:29,Aplikasi pemerasan
RaNdu EightyNine_,5,2023-06-03 22:43:41,Excellent_
LAY DJAN KHIUN (SULFENDRY ANDREAND),3,2023-06-03 22:42:41,BENAR BENAR PARAH SETELAH UPDATE SAAT ORDER BARANG JADI LEMOT BANGAT APLIKASINYA
Manarul Hidayat,4,2023-06-03 22:40:50,"Aplikasnya tolong d perbaiki lagi mass/mbak,sering lemot/lambat gt kadang eror"
Aliya Aliya,2,2023-06-03 22:40:14,AkhirÂ² Shopee knp si potongan ongkirnya sedikit bnget
Bahar Unna,1,2023-06-03 22:39:21,mantap
Muhammad Jaya abadi,5,2023-06-03 22:35:17,Respon cepat
Khalimatul Syakdiyah,5,2023-06-03 22:32:37,Selalu ada gratis ongkir ...
Amir Rincing,5,2023-06-03 22:27:51,ğŸ‘
Ahmad Zamzami,1,2023-06-03 22:27:33,Shopee klo membuka halaman Lemot....lama loadingingnya beda dengan Tokopedia sekali klik halaman langsung buka....klo sudah banyak yg kasih bintang 1..mohon diperbaiki aplikasinya...lama lama juga orang pindah menggunakan aplikasi shop online yg lain..
Muhdi Arif,3,2023-06-03 22:27:18,Hi min. Tolong donk biar bisa belanja seperti vape . Pod. dll. Seperti dulu lagi
Yuni Fitriyani,5,2023-06-03 22:26:12,tiap belanja di oren selalu dapet gratis ongkir
lugi ajaib,3,2023-06-03 22:14:32,"Harga barang yg ditawarkan murah dan beragam dan mudah digunakan,,, sekarang Shopee lemotttttt"
Siti Sarah31,5,2023-06-03 22:09:05,Mantap
Wahyu Akbar Winarto,1,2023-06-03 22:00:55,Maaf aku kecewa
No Username,1,2023-06-03 21:49:34,I Love Lazada and Tokopedia
Sirelmi Narzo,1,2023-06-03 21:30:12,Pengiriman menggunakan ekspedisi dari apk ini sangat lambat
Cimi Persia,5,2023-06-03 21:29:18,Good
Azkya Nazwa,5,2023-06-03 21:26:51,Puas belanja di shopee
Tri Yeyen,5,2023-06-03 21:23:58,Ok
Asep Iskandar (kankan prawirasasra),5,2023-06-03 21:15:07,Ya trima kasih shopee 6.6 head set sudah diterima dengan kondisi bagus ..makasih bang kuriir
nisa Des,1,2023-06-03 21:13:15,"Kurang Bagus.tolong dong saat orang mau order 2 barang di toko yg msh sama,jgn dipersulit caranya. Sy jd order2x dan byr ongkir 2x. Pdhl 7an sm,tokonya jg sama. Dan kalo sering topup udh ga bs diisi lagi. Alias limit. Jarusnya ga gt. Curang. Dan iklannya itu dmnÂ² sampe bosen dgr lagunya dan buangÂ² waktu cm liat iklan shopee."
Nisfu Amran,1,2023-06-03 21:09:51,Aplikasi lemot
Aril Halom,5,2023-06-03 21:07:02,Apl bgs berguna bngt sip dah pokonya bisa ngutang dulu bayar nanti kan berguna bngt bagi orang yg blm ad duit tpi kepengen beli sesuatu.
Muhamad Umar,1,2023-06-03 21:00:12,Iklan teros gak enak
Wagiman Pitopang,3,2023-06-03 20:57:15,Mantul
Juni,1,2023-06-03 20:53:51,Aplikasi dengan nama besar tapi lemot setengah mati.
Yudha Pratama,5,2023-06-03 20:51:45,bagus
Sukma Wijaya,5,2023-06-03 20:49:38,Witdraw
Samsudin Samsudin,5,2023-06-03 20:40:15,"spaylater dibatasin ada spinjaman tidak bisa di gunakan,gak pernah galbay,tp di batasin"
Diah Endang Puspitarini,5,2023-06-03 20:35:46,"Baik , semoga kedepannya makin bagus"
Solid Maulana,5,2023-06-03 20:28:52,Bagus sekali
Ari Rii,5,2023-06-03 20:27:23,Keren dan baguss
Zay Mancing,5,2023-06-03 20:27:08,Good
Awaludin Sobirin,1,2023-06-03 20:26:16,lemot banget aplikasinya
Ujang Asri,3,2023-06-03 20:24:54,"Coba2 3 bintang, bagus saya naikkan 5bintang"
Dian Keceng,5,2023-06-03 20:22:12,sukses ellu
bangdika sapputra,5,2023-06-03 20:19:44,saya suka sopee
laili laila,5,2023-06-03 20:15:59,jos
Kaka Cucut,4,2023-06-03 20:11:14,Sy kasih bintang 4 dulu klo dah terasa mamfaat kegunaanya dan menguntungkan bagi sy nanti ditambah lagi bintangnyağŸ™
Onrapus Noomas,5,2023-06-03 20:08:32,Ok punya
Heri Kurniawan,1,2023-06-03 20:06:08,Sangat sangat lemott padahal sinyal bagus masih banyak bug
Emil Jr,5,2023-06-03 20:04:21,Terimakasih Shoope ğŸ‘ğŸ‘ğŸ‘
Arfatalessy Arfatalessy,5,2023-06-03 20:01:27,ğ—¯ğ—²ğ—¿ğ—¸ğ—®ğ˜ ğ˜€ğ—µğ—¼ğ—½ğ—²
Dirga anton,2,2023-06-03 20:00:24,Bagsu
Alfatih Rayyan,2,2023-06-03 19:58:18,"pendusta, udah sejam nonton video, hadiah diacak. udah kuota gw abis disedot"
Dimas Adi Nugroho,5,2023-06-03 19:56:41,Mantul
Muhammad Zaelani,3,2023-06-03 19:55:48,C zduet cdvcc cung c r dessert dryerğŸ˜¯ğŸ‘´K9
Dendy Motoflog Bandung,1,2023-06-03 19:55:40,Makin sering update makin eror apk Shopee ini buat transaksi Platter sekarang lama banget loading bisa sampe hp panas
andri yanto,5,2023-06-03 19:51:57,bagus barangya sesuai pesanan
Torikul New,5,2023-06-03 19:51:08,ğŸ‘ğŸ‘ğŸ‘
adi dwi saputro,1,2023-06-03 19:49:38,"Fungsi shopee video apa? Isinya video tiktok, malah bikin lemott ğŸ¤¦â€â™‚ï¸ğŸ¤¦â€â™‚ï¸ğŸ¤¦â€â™‚ï¸ğŸ¤¦â€â™‚ï¸ğŸ¤¦â€â™‚ï¸"
Hilmy Kurniawan,2,2023-06-03 19:49:30,Susah kalo darurat topup pulsa/token listrik muter lama tiba2 gabisa harus nunggu 10 menit kdang melebihin batas maks.
Asep Suhendar,5,2023-06-03 19:42:43,Pelayanan sangat memuaskan belanja di shopee
Devy Rahmawati,1,2023-06-03 19:39:55,makin kesini makin ga jelas app dan pelayanan cs nya. sekarang pengiriman spx malah ikutan ga beres. masa diketerangannya awal udah sampai pondok aren. tiba2 malah dilempar lg ke serpong. padahal biasanya tinggal kirim ke alamat tujuan kalo udah di pondok aren.
Suhendra Binjai,5,2023-06-03 19:36:21,Ok
Suci Wulandari,5,2023-06-03 19:35:41,Cepat pengeirimannya
Icuan Teri,1,2023-06-03 19:28:09,"Kont cuma salah pin 2 kali jadi susah transfer,susah beli pulsa,dnlain2,jawabannya kaya gini ""transfer mu tidak dapat diproses demi keamanan silahkan coba lagi nanti,trus udah gue tunggu 24jm jawabanyah masih SMA trus harus ngapain gue ANJ gue lagi butuh dah deem costumer nggak ngerti pertanyaan gue asem,udah tau ini akun gue,gue lagi butuh uang ajng ,A**INK kau apk elor,banyak elor yah lah,nyesel kirim ke shoppe bnyk elor"
Mamah Iis,5,2023-06-03 19:26:03,Mantap
Devi S,1,2023-06-03 19:25:08,"Makin lemot (padahal wifi dirumah bagus banget), setiap buka produk untuk lihat dahulu (malah kembali ke awal lagi), jadi cape scrooolllnya lagi untuk kebawah, balikin model shopee seperti dulu saja itu sudah cukup lebih baik, terima kasih"
luan luan,4,2023-06-03 19:24:24,bagus
Ahmad Ramadhani,1,2023-06-03 19:22:18,Gamenya seperti judi
Ayong Very,5,2023-06-03 19:21:30,bagus
astry fazrin,1,2023-06-03 19:21:13,Iklan Shopee sial mengganggu
Bnkzht !!!,5,2023-06-03 19:19:16,Nice
wawan butar,1,2023-06-03 19:18:24,sy pngguna setya shope tp mulai detik ini saya uninstal apk ini sdh tdk brguna lagi snnjak koin dr nnton shope video nya tdk bs ditarik mnjadi shopee pay mlah di alihkan ke koin shope .......kecewa selamat tggl apk tak bermutu... trmksh sdh mnamni saya slma setahun ini bye..
Alta Arya,5,2023-06-03 19:16:59,bgus
Dimas Hasanah,4,2023-06-03 19:16:57,Terkadang ada yg nipu
Aurell Gebbykanata,5,2023-06-03 19:16:06,Ok
Khairunisa Ramadhani,3,2023-06-03 19:16:00,"Pembaruan terus, makin banyak yg menggunakan apa2 semakin naik, dari biaya admin bayar listrik dan lainnya"
Ardi Vana,1,2023-06-03 19:11:18,Aplikasinya lemot kaya semut loadingnya
Ony Wibowo,4,2023-06-03 19:02:55,bagus
Nanik Delan,5,2023-06-03 19:02:53,Ok
New Edy KORG,5,2023-06-03 18:59:20,Aplikasi sangat mmbatu .
arie gilang pramudya,5,2023-06-03 18:57:03,Top
Lanek Madu,5,2023-06-03 18:56:07,mantap apk nya bagus sekali
Sugeng Sueng,5,2023-06-03 18:50:15,Sangat membantu
Sosro Dikromo,5,2023-06-03 18:48:46,Siip
Toko LANCAR JAYA,1,2023-06-03 18:47:26,Makin gajelas!!mau daftar aja susah banget segala verifikasi muka !!
Zainal Faizai,5,2023-06-03 18:47:02,Bagusdd
Yosphin Mahendra,5,2023-06-03 18:46:39,Untuk transaksi apapun sangat membantu sich. Bintang 3 dulu soalnya masih belum acc splaternya
dwitya â€œsentakuâ€ adi pradana,3,2023-06-03 18:46:16,Semakin berat dan lemottttttt
Shalsabilla adriansyah Ariff gunawan,1,2023-06-03 18:33:43,Makin kesini aplikasi nya lemott Apalagi sekarang untuk metode cod nya agak sulitt
Jaka Umaro,1,2023-06-03 18:31:32,"Aplikasi apa.an .. Masa saya mengajukan payleter tidak bisa, terus notifikasi nya KTP sudah di gunakan, padahal baru pengajuan. Anehhh"
Nazar Mentari,5,2023-06-03 18:31:23,Sangat membantu untuk belanja
Asep Maulana,5,2023-06-03 18:31:06,mantappp
Pristo Yuri,1,2023-06-03 18:30:38,"Shopee gamesnya gk jelas, pure penipuan semoga gk laku"
Windaranti Lbs,1,2023-06-03 18:30:33,"skrg udh aneh serba lemot, BIAYA PELAYANAN SAMPAI 10 RB YA NGERI"
Ineu Sintia,5,2023-06-03 18:22:29,ğŸ’ªğŸ’ªğŸ’ª
Romli Yunus,5,2023-06-03 18:18:21,Sangat membatu untuk belanja kebutuhan online
Wahyu Wiewaha,5,2023-06-03 18:17:59,Aplikasi yang sangat membantu untuk transaksi online dengan aman. Kenapa akhir-akhir ini terasa berat untuk membuka foto/display barang selalu loading tiada akhir
Fauzu Adhim,5,2023-06-03 18:13:00,mantap
Dwina Naa,2,2023-06-03 18:12:19,"Semakin lemot kebanyakan fitur ga jelas , ini apk untuk belanja jd kaya tiktok tpi tambah berat ,pdhl udah signyal bagus dn ruang masi banyak tetep aja lemot sering g bisa dipencet, kebanyakn update yang ga jelass !!! Hilangin aja fitur video g jelas bgt , kembalikan apk ini sesuai fungsinya bukan untuk monopoli semua aja pake shopee!! Lu kira lu bisa jadi VOC mau monopoli semua"
Iril Mala,1,2023-06-03 18:10:03,Bener bnget makin kesini makin lemot g ngeri lagi dngan aplikasi nie skrng
Dava DVR 21,1,2023-06-03 18:07:34,"Aplikasi berat banget,padahal sinya bagus ,ram gede, penyimpanan longgar,maingame online yang basis datanya 16gb lancar,lah ini gak nyampe 1gb udah lemot bet anyingg"
Ahmad Saifudin,5,2023-06-03 18:06:37,mantap dah pokok nya
Bowo Bewol,5,2023-06-03 18:06:12,ğŸ‘ğŸ‘ğŸ‘
Tibie Alqatirie,5,2023-06-03 18:01:44,ok
Kukuh Anak Rajin,3,2023-06-03 18:00:38,kapan SPayleter saya bisa di pakai?!!
Riessya Riandhika,3,2023-06-03 17:58:45,"Kenapa shopee aplikasinya makin lemot yah,padahal paket byk, sinyal 4G+ ruang penyimpanan sedikit.. udh di upgrate aplikasi smpai hp pun, ttp gak ngaruh, pdhal buka aplikasi lain, malahan cepat, udh 2 mgu ini lemot sekali"
oox yoyok,2,2023-06-03 17:58:24,"bintang ny aq kurangi, sekarang shopee pelit banget untuk vocher free ongkir, gak kayak dulu, hampir setiap hari bagi2 vocher jadi semangat pengen belanja terus, kalo kayak gini terus bisa pindah belanja pake aplikasi sebelah."
Aripdwi Praatyo,5,2023-06-03 17:55:11,baik
Ram's Aquatic,1,2023-06-03 17:52:01,"Kecewa gak bisa aktifasi shopepay, mau hapus akun di tolak"
Atim Juni,5,2023-06-03 17:50:12,Oke
iin inah,4,2023-06-03 17:48:27,"Tolong perbaiki aplikasi udah di update, tapi gak bisa refresh halaman"
Citra Utami,5,2023-06-03 17:48:09,Aplikasi yg tepercaya
Serlina moen,3,2023-06-03 17:48:05,Keren
Regeng Wbk,1,2023-06-03 17:47:11,Lemot
Indihome Kita,5,2023-06-03 17:44:42,Good job
Jodhi Sayogo,5,2023-06-03 17:44:15,"Klo boleh saran, di chat box mungkin bisa dikasih fitur ""unsend"" Gak tau knp ya, mungkin perasaan aja, olshopÂ² tuh agak kurang simple ux ui nya jd pusing."
Ana Mahlia,3,2023-06-03 17:44:05,Bagus bnyk produk murah dan berkualitas
husnul fiqar,5,2023-06-03 17:42:54,Mantaapp
channel muhammad sofyan,5,2023-06-03 17:42:08,shopee ok
Edy Sahputra,1,2023-06-03 17:41:52,"Dulu sering pakai shopeefood tapi sekarang lebih seneng pakai Grabfood. Grabfood ga pake biaya lainÂ² sementara shopeefood ada dan bisa sampai 5 ribu untuk itu saja. Itu belum lagi diskonnya skrng pelit. Grabfood pesen 40ribu aja bisa diskon 30%. Itu belum lagi langganan grab unlimited, bs gratis ongkir grabfood. -_-"""
Rega Agreesha,1,2023-06-03 17:38:16,Di update bukan makin bagus malah jadi lemot begini
Wahyu Di,5,2023-06-03 17:35:43,Kasih gratis ongkir nya tiap hari nol rupiah donk... Hilangkan biaya jasa apk setiap belanja jdi tambah mahal dan jangan lemot apk nya
Ka Wawan,5,2023-06-03 17:34:13,Superrr
AjA Kin,3,2023-06-03 17:32:17,"Aplikasinya bagus, akan tetapi pihak penjual ada yang tidak beres, contohnya, yang di jual merek hp, ternyata setelah belanja, yang di kirim casing nya, yang pasti kecewa."
Andha Jhie,1,2023-06-03 17:31:52,"Saya sudah menghapus aplikasi ini, karna telah menggunakan data tidak sesuai dengan data penagihan SPayLater"
Alfan Ibrohim,2,2023-06-03 17:31:27,Mantap....makin lemot...hp ram 2 jd susah loading lama..bintang di kurangun lagi...makin kedepan makin parah
Huda Mutakim,4,2023-06-03 17:30:20,Sangat memuaskan
Saifudine Saifudine,4,2023-06-03 17:29:32,Shofee mantap top..ğŸ‘ğŸ‘ğŸ‘
Aris Ramdani,1,2023-06-03 17:29:26,Gara2 gak ada notif tagihan spleter di bekukan ameh
Elfis Yulizar,1,2023-06-03 17:29:04,Makin kesini makon ngelunjak . Top up adm dari 1000 naik 1500 naik lagi 2000 Udah itu di batas juga top up via indomaret cuma 1 juta
Uus Sukmara,2,2023-06-03 17:24:46,Kenapa lemot banget
Nazar Ilham,5,2023-06-03 17:23:53,"Bagus aplikasi nya ga nyesel donlod shopee,memudahkan ber belanja ,tinggal cari tinggal beli yoi"
Wiradno Ono,5,2023-06-03 17:18:35,Good
Wawan Gunawan,1,2023-06-03 17:13:04,Sinyal bgus tp lemotnya minta ampun. Tolong di perbaiki lgi. Biar pengguna tidak kecewağŸ˜‰
Yessila ara,5,2023-06-03 17:08:56,cukup baik
john bhony,1,2023-06-03 17:07:04,Parah ni shopee.
vicky taufik18,5,2023-06-03 17:05:34,Ongkir kasih lebih murah lagi dong
Muhamad Ardiyan Rizki Ardiyan rizki,1,2023-06-03 17:04:45,"Padahal abis di update masa tetep ajh shoope food nya gak ada,lemottttt banget apk shoopeğŸ¥²"
atep abdul halim,1,2023-06-03 17:04:15,Akun gue gk bisa login lagi padahal no hp masih aktif. Disuruh verifikasi sama scan malah rudet gimna sih shopee
Yunizar Marwan,5,2023-06-03 17:04:14,Mantp
Nuri Awell,5,2023-06-03 17:04:12,good
Ika Setyawati,1,2023-06-03 17:03:35,Sangat burukkk di update tidak bisa
yuni harlinda,5,2023-06-03 17:03:18,Semoga setiap pemesanan barang selalu sesuai dengan yg di rekomendasikan sukses selalu utk shoppee dan seluruh rekanan
Sri Waini,2,2023-06-03 17:02:28,shopee ok
Haniy Masruroh,2,2023-06-03 17:01:24,Kenapa ya sekarang aplikasi shopee jadi lemot bngt mana loadingnya lama. Tolong diperbaiki ya sebaiknya di shopee gak usah ada video rels atau kebanyakan fitur itulah yg mmbuat shopee jadi lemot dan loadingnya lama
Rian Combad,5,2023-06-03 17:00:14,sangat bagus..terimahkasih shopee...
Jumadi Aja,5,2023-06-03 16:57:56,Luar biasa shopy murah dan pengirimannya banyak promonya selamat
Omah Al,1,2023-06-03 16:57:05,mntab
Nur Sa'adah,5,2023-06-03 16:56:32,Gooddd jobbb
Sura laya,3,2023-06-03 16:55:25,salam sukses selalu.
Hendra,4,2023-06-03 16:55:16,Cukup baik untuk belanja tidak harus repot buat keluar rumah ğŸ‘
Muhammad Nasuha,5,2023-06-03 16:53:32,cara yang praktis untuk belanja di shopee
Puguh Setiawan,3,2023-06-03 16:53:22,Beli sepatu dapatnya celana dalam
Juwito dwi Atmojo,5,2023-06-03 16:52:43,Sukses selalu
Eko Riando,5,2023-06-03 16:52:02,Wow murah meriah
Alief Fitria,2,2023-06-03 16:51:03,Suka eror
ST. AISYAH Dg. KENNA,5,2023-06-03 16:50:58,Sangat memuaskan
ENDANG JAMIL SAPEI,5,2023-06-03 16:50:33,Bagus
Goldie time,4,2023-06-03 16:50:07,Kadang lemot kadang bagus
Si Paling Handal,1,2023-06-03 16:49:54,"Dapet koin buat kasih penilaian barang dikit banget. Padahal udah ada video dan foto loh, minimal dibikinin persentase dari harga barangnya lah..."
Ali Akbar,1,2023-06-03 16:48:36,Kenapa mau belanjan rokok elektrik atau vape disini sekarang gk bisa? Padahal beberapa bulan kemaren masih bisa belanja vape tapi sekarang gk bisa baranya gk ada dalam pencairan terus pas cek tokonya gk ada penjualan apapun?
Areta Aulia,1,2023-06-03 16:48:03,Iklannya banyak njir
mama bian channel,1,2023-06-03 16:46:03,Update nya susah lemot
Paryanto Yanto,5,2023-06-03 16:44:38,ok
Setiawan Dika,3,2023-06-03 16:40:21,"Lemot parah, apalagi kalau mau checkout & pembayaran, muter2 terus anjirr, padahal sinyal bagus bgt"
Marsa Rista,5,2023-06-03 16:36:19,"senang belanja d shopee barang nya selalu bagus dan TK pernah mengecewakan kurirnya juga ramah"""
pujiati puji,5,2023-06-03 16:35:30,shopee mantap semoga selalu amanah dalam.melayani konsumen dn tingkatkan kwalitas barang barang yg di jual di shopee sukses selalu shopee
Dedy romansyah romansyah,1,2023-06-03 16:35:12,I like it
Lisa Sitialisa,4,2023-06-03 16:32:35,Oke
Maulida Sofia,5,2023-06-03 16:31:41,Mudah dan cepat pengiriman nya
Christiano Veron,1,2023-06-03 16:31:30,"Mohon apk nya lebih ditingkatkan performa nya karna saya mau belanja sangat lemot aplikasi nya sedangkan jaringan bagus,ruang device lega 8gb lagi..... Udh itu aja nanti kalo performa udah bagus dinaikin bintangnya ğŸ™"
Chonifah Maidi,5,2023-06-03 16:30:55,Bagus sekali
Raafa Mumtaza Adi,4,2023-06-03 16:30:46,kurang banyak pilihan
Tukirin 5858,5,2023-06-03 16:29:53,mantap
Tania Novianti,1,2023-06-03 16:28:11,"Bintangnya ku kurangin lagi, karna ga ada perubhan sih, aplikasinya masih lemot pake banget, lag parah sampe ada berkali kali notif nya klo emng dari aplikasinya yg rusak. Perbaikin lagi dong"
Achmad Nurul Huda,5,2023-06-03 16:26:43,Memudahkan untuk belanja di luar daerah ğŸ‘ğŸ‘ğŸ‘ğŸ‘
bangkit septri,5,2023-06-03 16:23:39,Manteeeppp
Alonesaja,1,2023-06-03 16:23:33,"Pesan di shoope selaing ongkir mahal,nyampenya juga lama kada ng berminggu,mending tik tok selain murah kualitas ok ongkir jg gk neko2 ke..by shopee moga lu gulung tikar sudahh"
Yanto,5,2023-06-03 16:18:54,oky mantap tepat terpecaya
Ry an,5,2023-06-03 16:17:52,bagus
m.nurul ichsan,5,2023-06-03 16:15:38,"Pilihan produk yg di cari lengkap,serta ada nya spaylater memudah kan dan meringankan."
Amanda Eliza,1,2023-06-03 16:13:09,SEKARANG KEBANYAKAN BIAYA ADMIN/BIAYA LANGGANANNYA
Meiko Honma,1,2023-06-03 16:13:02,"Biaya admin naik tapi kualitas pelayanan gk ikut naik, tarif ongkir yg digadang-gadang gratis di tiap iklan ternyata punya syarat min. pembelian, dan parahnya utk jasa kirim instant batas min. ordernya sama rata di 200k, padahal gk semua barang dibawah 100k bisa dikirim dgn jasa kirim reguler, belum syarat jadi member platinum juga luar biasa sulit. Makin kesini Shopee makin gencar mempersulit membernya sendiri, e-commerce yg seharusnya memberi kemudahan & kenyamanan justru malah sebaliknya."
Indra Boyolali15,5,2023-06-03 16:12:59,Apk mantap dh pokoknya ... Kunkasih bintang lima ... ğŸ˜„
Erik Permana,5,2023-06-03 16:12:56,Belanja lebih mudah
ibnu idris,5,2023-06-03 16:12:47,ğšƒğš‘ğš ğš‹ğšğšœğš
Tohari 71,5,2023-06-03 16:10:17,mantaaap
Anjing eee maaf rifqi Freya,5,2023-06-03 16:09:10,Ya rekomendasi onlen shop no 1 di indonesia
Imel sanari,5,2023-06-03 16:05:23,Ini shopee saya kenapa ga bisa terbuka ya??coba download di hp satunya minta sertifikasi ke SMS atau ke wa link nya jg ga bs di buka knp ya?
AWANURUL FIDIYANTI,1,2023-06-03 16:04:37,Gk bisa masuk ke akun
PEBRI CHANDRA,1,2023-06-03 16:04:29,"Semakin di update, sistem nya semakin lemot dan loading nya lama klo kita mau klik barang yang mau dibeli."
Rezty 1304,5,2023-06-03 16:02:50,Tergokil siii
rinanur aeni09,1,2023-06-03 16:02:37,Makin kesini makin lemot banget Setiap check out bagian pembayaran pasti ngelag muterÂ² gajelas padahal sinyalnya bagus Perbaiki lagi dong aplikasi nya
Mustam Sikin,1,2023-06-03 16:02:28,"Mau review produk aja upload foto/video nya muter2 terus, dodol. Aplikasi ngeselin."
Rahmaida Janiza,2,2023-06-03 16:01:13,"Makin diperbarui makin lemot. Jaringan bagus, cache udh rutin di hapus, tapi tetep aja lemot di bagian keranjang"
syahreza safin,5,2023-06-03 16:01:08,Aplikasi belanja online terbaik di indonesia.
Wiwit Alpiyan,3,2023-06-03 16:00:23,tolong adain tema gelap min soalnya di hp ku (bawaan hp ku ga iso min) plisssğŸ™ğŸ»
arshaka alviano,3,2023-06-03 16:00:00,keren
Rahardjo Rahol,5,2023-06-03 15:58:46,Sy sangat puas krn pesanan sy sesuai dng pilihan sy trim's shopee
Herman Hakim,4,2023-06-03 15:58:14,"Sangat membantu, good job"
Sahrul R.,5,2023-06-03 15:58:10,Makany bagi sy skin special lancelot nanti gua kasih bintang lima selamanya
Pawon ndesho,3,2023-06-03 15:57:30,"Aplikasi bberapa bulan terakir ini lemot, bahkan hilang sampei lama nunggu ga kluar akirnya ku matikan"
Ryan Saputra Saputra,4,2023-06-03 15:57:22,berhasil
SUYONO YONO,4,2023-06-03 15:56:59,Transaksi aman..
Robby Ahsan alfaqih,5,2023-06-03 15:56:03,Sangat puas
Nurman Abdi,5,2023-06-03 15:55:59,"Sangat sanhat bagus,,"
Aminto Minto,1,2023-06-03 15:52:59,sangat terbantu
Ellen Putri,1,2023-06-03 15:51:33,"Makin Update , Sabtu 3 Juni 2023 Makin Hancur Aplikasi shoope. Silahkan tutup aplikasi nya. Jelas mau bangkrut. Limit Spinjam & Spaylater Tiba Tiba Dinonaktifkan. Kasih Bintang 1 yang udah jadi member Platinum. Aplikasi sekarang sudah Jelek Sangat Jelek !!!!"
Oka Candra,1,2023-06-03 15:51:22,"Oiii apa lah aaaa gueh sedang main gem, ada iklan keluar suruh donlod shopee, ini ada apa, kalau gak bisa bikin aplikasi hapus aja ganggu orang main gem aja ni iklan Shopee"
Michael Gallery,5,2023-06-03 15:51:03,"Aplikasi makin lama makin lalod ya, terutama utk buka menu shopeepay later, gmna caranya mau bayar tagihan kalau menunya nggak muncul?, lawak banget!"
Lala Vanzana,3,2023-06-03 15:47:46,Setiap mau belanja alamat saya gak kebaca terus...coba ganti alamat Tante saya yg beda juga kek gitu..gimana sih ini
Ayu Kusuma Dewi,2,2023-06-03 15:46:15,Terakhir aktif tidak sinkron. Padahal online terus
Arsha vin,1,2023-06-03 15:46:08,Saya mau belanja tapi data dk di terima
Saut Parlindungan Siadari,5,2023-06-03 15:44:48,"Recomended, Perbesar nilai SPinjam dan Shopee Pay nya"
Joker But,1,2023-06-03 15:42:29,Aplikasi tidak bagus.
Rahmat Yoyoyo,5,2023-06-03 15:40:00,Sangat membantu
pesantren Nya Indonesia,3,2023-06-03 15:39:24,Mkn gk ada free ongkir
Aris Setiyono,1,2023-06-03 15:38:55,Apk Bikin emozi lemot minta ampun mudah -mudahan ada gantinya Yaa Allah... aplikasi yg lebih baik dari shope aamiin ...bikin kesel ini aplikasi Yaa Allah .. Ampunani Dosa ku Yaa Allah ...pakai aplikasi ini kok terasa Dosa apa yang telah aku lakukan sehingga sesulit serumit seberat ini Yaa Allah hidup .. kasihanilah hamba Yaa Allah...buat YouTube Playstore FB Lazada Lancar kok untuk apk Shope kok susahnya minta ampunn nnn ingin rasa banting ini Hp Yaa Allah Tapi kalo dibanting mau pakai apa?....y
Asih 2023,1,2023-06-03 15:34:54,"Shopee sekarang tidak jelas , saya tidak bisa check out padahal akun baru"
Rosmawati Wati,5,2023-06-03 15:34:08,Mantap
Krisna Wahyu Eka Saputra,1,2023-06-03 15:33:30,"Udah gabisa nahan sabar lagi, mau bayar pay later pake saldo aja konfirmasinya lama banget lemot banget dan tampilannya layar putih trus, padahal sinyal udah bagus pake wifi kenceng juga tetep layar putih terus, dan transaksinya ga masuk masukğŸ™please tolong perbaiki server nya mon maaf"
Akira Arya,3,2023-06-03 15:31:47,cukup baik
juana F.Bruri,5,2023-06-03 15:30:04,Oke.....
Arumi Fujajalianti,2,2023-06-03 15:28:57,Lemott prhh
Suerwin Erwin,2,2023-06-03 15:28:21,Saya kira mainan
marine mansone,5,2023-06-03 15:28:09,amazing
ida addausy,1,2023-06-03 15:26:41,Kenapa spinjam tidak bisa dibuka???
Bayu Erlangga,1,2023-06-03 15:24:48,Aplikasi dajal!!!! gw mau bayar pulsa via shoppepay kaga bisa terus!!!!!!!!!
HANZARI PUTRA PRATAMA,1,2023-06-03 15:24:40,"Aplikasi nya lama"" lol gini, gg"
Riska Andini,1,2023-06-03 15:23:47,"demi Allah aplikasi kalian lemotnya kebangetan, jaringan lancar aja padahal, mau bayar aja lama banget layar putih doang, penyimpanan udah banyak dihapus padahal dan harusnya udah cukup ruang, sampe data akun shopee aja ikut dihapus tapi lemotnya ga pernah berubah, makin parah malah sekarang, fiturnya kurangin coba, fitur nambah tapi kelancaran aplikasi makin lambat"
Walldi 14april,1,2023-06-03 15:23:45,Ongkir mahal
Dudin Nazmudin,5,2023-06-03 15:20:52,Sangat bahagia
Sasori,2,2023-06-03 15:20:37,"Berat banget aplikasinya, ram 8GB aja kewalahan, masa dengan pegawai IT yang begitu banyak gak bisa perbaikin aplikasinya, mending kayak Twitter aja, pegawai dikit tapi aplikasi optimal, dari pada kayak gini, buang-buang duit buat bayar pegawai, mending optimalkan aplikasinya, udah dari tahun lalu kek gini. Update : aplikasi masih lemot, malah keluarin update nggak jelas, mending kurangin pegawai, cari pegawai yang lebih berkualitas."
Danggoreng Danggoreng,4,2023-06-03 15:19:45,Shopee makin ğŸ‘ tp lamaÂ² lem0t
Fikri Multazam,5,2023-06-03 15:19:35,Memberikan manfaat yang begitu banyak
Lia Okta,1,2023-06-03 15:19:13,"apaan sih di update malah kaga jelas ,kaga bisa cod lah mana tiba tiba loanding padahal sinyal bagus pake wifi jga bagus ngapa shopee malah kaga jelas sih makin kesini makin males belanja ,tolong min bls biar ga kecewa jga penguna shopee dari dulu"
use sugiar,4,2023-06-03 15:18:32,terima kasih shopee
Linna Linnawar,2,2023-06-03 15:18:26,Mau coba dulu
Ira Aja,5,2023-06-03 15:17:10,Stop kan iklan ini
Dhini Oktaviana,1,2023-06-03 15:16:40,"Shopee ini gimana sih, pas mau beli pake sistem cod nggak bisa padahal tokonnya udah siapin sistem cod, bahkan bukan 1 toko doang semua toko setiap kali aku mau beli pake sistem cod yang udah disetujui tokonya malah nggak bisa, bahkan udah DM ig Shopee nya nggak di baca, INI GIMANA?!!"
LiaPark _24,4,2023-06-03 15:16:36,Suka sih belanja disini cuman emang aplikasi nya yg berjalan sering lemot lag parah padahal jaringan lancar buat di apl lain juga lancar terlalu mengganggu kalau lagi pengen buru2 mau belanja gabisa
Bayu Bagus Saputra,1,2023-06-03 15:14:56,Lemot berat update gak membantu
diordnav nav,5,2023-06-03 15:14:25,Top
Whin,5,2023-06-03 15:11:53,Bu GT Bu GT Qri.
Lulu Toyareka,1,2023-06-03 15:11:02,"Nyebelin,pesen food dari jam 8,sampe jam 10 malem belum sampe,jam pemesanan tetep berjalan,ujungÂ²nya dibatalin hahahh"
arif bunda,5,2023-06-03 15:10:15,Sangat membantu...
abdul ismail,5,2023-06-03 15:09:58,ğŸ‘ğŸ‘ğŸ‘ğŸ‘ğŸ‘
Aman Damai,5,2023-06-03 15:08:11,Khoridatul Bahiyah
Pengguna Google,3,2023-06-03 15:08:06,"Untuk masuk shopeenya aja gak bisa,cuma kedap kedip doang,mana masih ada saldo shopee pay"
Irma Nurul,1,2023-06-03 15:08:03,Kuanon sia sok muncul wae ka aing
Adie,1,2023-06-03 15:06:55,Aplikasi shopee ini harus kuat jaringannya .ketika buka aplikasi ini jaringannya langsung lemoot banget padahal buka fb.wa youtube oke oke ja.
hartini febriani,5,2023-06-03 15:06:53,Yetir mobil
Tian Gandhi,2,2023-06-03 15:03:56,"Kasihan bagi kami yg punya hp dengan ram kecil. Padahal kami berharap kepada shopee supaya bisa memiliki barang-barang bagus dengan harga terjangkau. Atau mungkin apk shopee ini hanya untuk golongan menengah keatas yg mampu untuk membeli hp dengan ram besar yg harganya mahal??? Maaf, apa shopee bisa membantu masalah kami ini??? Sinyal baik tapi kenapa apk sering keluar sendiri/lag atau ram yg kurang besar???"
Cokro Wibowo,5,2023-06-03 15:02:55,Barang nya murah murah
Sukarsa 12,5,2023-06-03 15:01:39,Ok
Mitha Ati,5,2023-06-03 14:58:56,Belanja Disini Tu Super Murah. The Best Bngt Sih ğŸ¥°ğŸ¥°
rahmad kurniawan,1,2023-06-03 14:58:32,Antap
freng kxy,4,2023-06-03 14:57:29,Mohon maaf saya cewa pada penjual barang yg saya beli tidak sesuai dengan apa saya pesan tapi saya mau kembalikan .penjual tidak mau padahal garansi nya masih ada tolong di tegas kan lagi terimakasih kerja samanya
Ana Ajaa,5,2023-06-03 14:56:59,Oke sih menurut ku.ğŸ¥°
Shella Nurul,5,2023-06-03 14:56:20,Terbaik
Nindia Septiani,5,2023-06-03 14:55:44,Baik
Sifa Bae,5,2023-06-03 14:55:29,Aplikasi nya bagus dan gak nglek
Gieo Iqbal,4,2023-06-03 14:55:08,Suka tapi nggak ada gratis ongkir nya mengapa harus ada minimal belaja
JEJAK 303,5,2023-06-03 14:54:47,Bgaus hanya saja utk ongkir free nya smankin sedikit untuk level gold dan platinum
Nazard Zenicth,1,2023-06-03 14:54:40,SUDAH KEBANYAKAN SYARAT. PADAHAL PENGGUNA SEMAKIN BANYAK. APLIKASI JADI SEMAKIN LAMBAT. DENGAN BERAT HATI KAMI PINDAH KE TOKPED DAN LAZADA.
Ali Rahmanpku,5,2023-06-03 14:53:48,Bagus
Nabih alhikam,2,2023-06-03 14:52:10,"Kak, fitur Flash sale nya banyak orang yang pakai bot, jadi seperti saya yang manual saja kalah cepat sama bot/AI Dan verifikasinya bisa di sistem otomatis oleh bot, bagaimana kak?"
Umy Kulsum,5,2023-06-03 14:51:47,ok
asep 606113,5,2023-06-03 14:50:31,Barang nya bagus. Pengiriman nya cepat. Lumayan ok..
Aden Prasetya,5,2023-06-03 14:48:04,Uname sama passwd hafal. Tpttep hrus vrfikasi lwat email. Emailku lupa. Linkyg dikasi untuk byr tgihan jg gabisa dibuka. Bukansalah sy yaa. Sy sdh usaha. Sy ga lari juga
Anjelo Prasetya,5,2023-06-03 14:48:01,Mantap
Winata Alfred,1,2023-06-03 14:46:53,Saya merasa dirugukan. Saya harus membayar tagihan spaylater. Transaksi padahal gagal di PLN mobile tapi di Spaylater berhasil. Loh kan ga nyambung saya lapor ke pln dan ke pihak shope. Keduanya samaÂ² tidak mau tau. Dan saya dipaksan bayar tagihan 210.000. Yang produknya tidak bisa saya nikmatin.
William M,5,2023-06-03 14:46:28,Pokoknya sip pelayanannya
fitri roofy angwar,1,2023-06-03 14:45:45,Bangrut dah amin spaylater gk bisa di gunakan .padahal dulu bisa cicilanya juga gk pernah telat
Rizki Hidayat Rizki,5,2023-06-03 14:45:43,Mantul
Ami Aurer,1,2023-06-03 14:45:28,Ga penting
Erwan Gilang,4,2023-06-03 14:45:19,Lumayan lh ada perubahan mkin kesini
Ajay Prayoga,4,2023-06-03 14:43:54,keren
Merryana PutriBoungsu,1,2023-06-03 14:42:03,gk jelas banged
Mama Ringgang,5,2023-06-03 14:41:27,shoppe mantap
Alya Cinta Lestari,5,2023-06-03 14:37:28,Belanja disini murah2 lumayan harga2nya pas sma kantong pelajar trus suka sma artis2 dari luar negeri sma dalam negri intinya suka banget sma Shopee semangatt minğŸ’˜ğŸ’˜kak undang lagi dong artis2nya
Ali Alatos,1,2023-06-03 14:37:27,bingung
Zaenal Arifin,4,2023-06-03 14:35:39,Mantap
Deisyefren Berhamba,5,2023-06-03 14:34:02,Shopee is the best
Jinka Blue,1,2023-06-03 14:33:58,"Pembayaran shopee melalui bank bsi kapan mau diperbaiki?? Soalnya mbanking yg saya punya cuma bsi, mohon perbaikan secepatnya...ğŸ™‚"
M. Syahrul Al Rasyid,5,2023-06-03 14:33:12,"Toko Online terpercaya, termurah, terlengkap."
owi owi,5,2023-06-03 14:33:06,sangat baik
Anang Safitry,5,2023-06-03 14:32:59,Shopee semoga terus berjaya
Heri Purwanto,4,2023-06-03 14:32:13,Belanja di Shopee memang memuaskan... ğŸ‘ğŸ™
War Diman,5,2023-06-03 14:31:48,"Bagus, dan cukup memuaskan"
pandu ardaya,5,2023-06-03 14:29:50,ok
Lisa,1,2023-06-03 14:27:53,"Kecewa bgt dengan Agen shopee pengambilan barang, jadwalnya jangan libur sabtu-minggu, minggu boleh lah dia libur tapi sabtu itu jangan, kaya pegawai kantoran aja pdhl kerja nya cuman di rumah aja jam boleh aja yak dia atur tapi jadwalnya Tlong di baikin lagi untuk Agen shopee pengambilan , kita sebagai pembeli merasa kecewa dgn lama di pengiriman sekaligus, pengambilan barang yang berjadwal"
Jaya Jaylani,5,2023-06-03 14:24:47,Jual beli
satu satu,5,2023-06-03 14:24:45,AryaninnağŸ’¶ğŸ’²
Pontas Dana Prasetya,5,2023-06-03 14:24:15,Shopee memang yg terbaik
Chinoer_ 148,5,2023-06-03 14:23:32,"Semenjak pake shopee sekarang belanja apa aja bisa di lakukan di rumah ,sangat membantu"
Muhammad Soleh Albatawi Albatawi,5,2023-06-03 14:22:38,Belanja dishopee cepat pengiriman barang yg kita beli.ğŸ‘ğŸ‘ğŸ‘ğŸ‘ğŸ‘
Kevin Pratama,5,2023-06-03 14:21:10,Sangat bagus pengiriman cepat
Natasha Atia,1,2023-06-03 14:20:46,"kok gabisa checkout katanya ada aktivitas mencurigakan pdhl ga ada ngapa'in , bikin akun baru jg ttp gabisa , tolong ini knp ya"
Thara Diandra,1,2023-06-03 14:20:11,"Gk berhenti iklan di picsart,gk bisa di skip."
Nadia Oktaviani,5,2023-06-03 14:19:48,Kamu nanya
Kolik Anbiya,5,2023-06-03 14:19:48,Bagus banyak diskon
Titaaprl hsrptr,1,2023-06-03 14:19:25,"Ko makin lemot sih, di upgrade malah makin buruk;) gimna ini, tolong perbaiki biar pengguna nya juga nyaman."
Siti Maryam,5,2023-06-03 14:18:38,ğŸ‘ğŸ»ğŸ‘ğŸ»ğŸ‘ğŸ»ğŸ‘ğŸ»ğŸ‘ğŸ»ğŸ‘ğŸ»
Ikhsan Udin,5,2023-06-03 14:18:14,Kerja bagus
Dava Alifiansyah,3,2023-06-03 14:16:49,Lumayan enak sih karena pengiriman nya lama sekali
Ayu Listiana2909,5,2023-06-03 14:16:22,"apl baguss, cuma kadang eror"
Imam Dwi stiono,5,2023-06-03 14:16:03,"Terimakasih shopee sangat membantu sekarang aplikasina lancar dan tidak lelet lagi,"
yogi lasmana,1,2023-06-03 14:13:23,"Maaf untuk event capit gebyar hadiah. Kalo bisa kasih kesempatan bagi yang belem mendapatkan hadiah besar . Jangan akun itu terus yang dapat, semua pengguna juga ingin merasakannya . Makasi, kalo ada perubahan , sya kasih bintang 5, terima kasih"
Siti Handayani,2,2023-06-03 14:12:08,"Mfa.# s.,,"
ahmad s,5,2023-06-03 14:12:05,dapat membantu belanja dengan mudah
Aku Manusia,1,2023-06-03 14:11:50,E n t ot emeng ni
ali vijay,5,2023-06-03 14:09:36,Mantaaaab shopee... Gratis ongkirnya perlu ditambah lagi.. Krn sy sering belanja utk dijual lagi. Kalo gratis ongkirnya habis lalu beli dg biaya yg standar maka kita sbg pedagang kedua akan sulit utk berjualan lagi.
Ull xmi,1,2023-06-03 14:08:47,Shopi kontoll
M RIKO ANDIKA KURNIAWAN,5,2023-06-03 14:07:22,Bagus sesuai pesanan
Diky fani W,5,2023-06-03 14:06:17,oke
alfian solehadi,5,2023-06-03 14:05:50,gg
Surya Megapermana,5,2023-06-03 14:05:29,Bagusssss.......ğŸ‘ğŸ‘ğŸ‘
Al Lukman,1,2023-06-03 14:05:21,Walaupun udah di update tetap lemot
Dedi Sutardi,5,2023-06-03 14:03:43,Terbaik..
Wapa Paijo,4,2023-06-03 14:03:04,enakkkk
Bagus Evolution,1,2023-06-03 14:01:24,"Biaya penanganan sampe 8000, makin males belanja di shopee"
Anre Taukani,1,2023-06-03 14:00:49,Aplikasi lemot sinyal bagus tapi ngabisin batre boross
Ami Lailasari,2,2023-06-03 13:57:30,"Maaf di kurangi bintang nya, bingung Shopee sekarang ko kaya gini lemot loading nya lama, jaringan sudah bagus,Shopee pay gk bisa di gunain, padahal dah persi terbaru."
Andrias Iswahyudi,5,2023-06-03 13:56:26,Ok
Orang edan,3,2023-06-03 13:55:52,"Expedisi nya pada males ambil orderan, masa sudah check out, baru lusa diambil/diserahkan ke kurir, bukan sekali dua kali kaya gini. Subsidi free ongkir nya dipangkas jadi hemat ya, cuma ditulis reguler."
Xiang Coll,5,2023-06-03 13:52:37,the best
sandi rusli,3,2023-06-03 13:51:39,"Saran min, sebaiknya pilah lagi seller yg benar benar berjualan atau yg cuma main-main aja, ada seller yg cepat responnya ada juga yg lemot responnya sampe saya harus nunggu berhari-hari bahkan sampe ada yg gk respon sama sekali walaupun seller sedang online ğŸ™"
Angger Sulaiman Annam,1,2023-06-03 13:50:40,"kecewa banget sama shopee yang sekarang, lemot banget padahal udah pake data seluler/wifi, Shopee dulu ok punya ga lemot kaya sekarang, tolong diperbaiki lagi"
ANADIA ANGGUN,5,2023-06-03 13:50:16,"aplikasi nya gampang di gunakan, mempermudah dalam berbelanja"
Sri Ati,5,2023-06-03 13:49:24,Bagus bgt
Pungki Bahar,4,2023-06-03 13:49:09,Hm...ibi BJB inizy U
Ù…Ø­Ù…Ø¯ ÙƒÙŠØ³Ù‰ ØºÙ„Ø¨Ø§,5,2023-06-03 13:47:53,"Server terlalu berat min , selebih nya ok"
Firda Dian,1,2023-06-03 13:45:46,Busuk
Ar Rafi,2,2023-06-03 13:45:21,Jika reting tak ingin turun cobaa bagaimana agar tidak lemot...mungkin lumayan banyak yang menyukai aplikasi ini.hanya saja tidak semuaa orang memiliki kapasitas hp yg besar (lebih canggih) jadi tolong usahakan agar tidak memberatkan hp.agar tidak lemot dan agar orang yang menikmati aplikasi ini tidak pindak ke lain nya.
Harits Gaming,1,2023-06-03 13:44:39,"Jarak toko ke rumah saya cuma Â±40km, jarak kantor shopee express hub martapura dengan rumah saya gak lebih dari 2km, tapi pengiriman melalui shopee express sampai kerumah paling cepat 5 hari, sebelumnya waktu bisa milih pakai J&T atau JNE jarak segitu 2 hari paling lambat sampai. Emang shopee express nya yang LEEEEMMOOTTTTğŸ‘"
Yendri Khaira,5,2023-06-03 13:43:50,Belanja dari rumah lebih menyenangkan.ğŸ¤­ğŸ¤­
Muh Faizal Kaso Asrie,5,2023-06-03 13:43:25,ğŸ˜€
Key lla,3,2023-06-03 13:43:03,KAU KALO DI CARI APA JANGAN LAH NGELUARIN JAWABAN YANG LAEN ANJENG
Lukman Yasir,4,2023-06-03 13:42:51,lumayan lah tapi kalo bisa...di tingkatkan lagi performanya..ğŸ™ biar gk ada lagi error errornya
Nurul Fitria Setyaningrum,1,2023-06-03 13:42:25,"Tak kirain beneran dapet koin waktu main capit ternyata bohongan! Ngabisin koin aja udah top up mahal"" eh malah di tipu"
haerul azzam,1,2023-06-03 13:41:55,Iklan nya ada dimanaÂ²
Baihaqi Bay,1,2023-06-03 13:41:15,Tidak suka lagi applikasi banyak bohong nya...!
Adly Eko prasetia,1,2023-06-03 13:40:58,"Aplikasi nya sangat lelet tolol,meresahkan jangan di download!"
Ahmad Sohib,5,2023-06-03 13:40:12,Shopee semakin mantap.
Indra Kusuma kamal,5,2023-06-03 13:38:59,Huhuu
Ayu Magdalena,5,2023-06-03 13:38:27,Bagus
Anggraena Rena,2,2023-06-03 13:37:55,"Minus Shopee cuma satu : Chat pribadi nggak bisa di hapus kek marketplace sebelah, jadi kalau salah kirim nggak bisa dihapus terus mau checkout tombolnya keras"
Sym R-nine,4,2023-06-03 13:37:22,No coment
Sultoni 06,4,2023-06-03 13:36:37,Lumayan lah.
Waina Ajjah,5,2023-06-03 13:36:08,"Tiba"" akunny ilang?"
Terbit Matias,1,2023-06-03 13:35:50,"Saya heran diaplikasi Shopee ini terlalu lama saya menggunakan aplikasi ini tapi hanya belanja saja yg bisa digunakan selain itu tidak ada fitur yang dapat digunakan alasanny akarna data saya tidak sesuai,data yang seperti apa...???? Tidak ada yang palsu dari data saya ğŸ¤¦"
Jajang Baso,5,2023-06-03 13:34:38,Bagus mantap apelikasi shopee66mega
Rusydi Bourlyn,5,2023-06-03 13:34:29,tempat belanjanya sangat bagus dan nyaman di sini sangat lengkap apa yg kita cari saya sudah teruji belanja di sini semoga dan berharap kedepannya bisa banyak promo dan maupun voucher Shopie nya saat mau belanja
Ima Normalia,3,2023-06-03 13:34:10,Filter tidak berfungsi baik
Wahyu Rama Dian 08,1,2023-06-03 13:33:38,tonb
annis afifah,3,2023-06-03 13:31:32,"Makin kesini makin susah di akses.. Ribet, dan lemotny itu bikin orang gk sabar.. Uda sering hapus cache tp tetep aja. Terus sekarang GAK BANYAK VOCHER GRATIA ONGKIR kan syedih mau belanja2 susah berat di ongkir"
Wandi Rhamdani,2,2023-06-03 13:31:20,Aplikasinya lemot banget parah
MHDSTBY,3,2023-06-03 13:30:29,Kecewa
Desri Wandy,5,2023-06-03 13:30:19,Ok terpercaya
Refan Udin,5,2023-06-03 13:30:06,Bagus
Firman Bungo,5,2023-06-03 13:29:59,Dari pemesanan sampai dengan penerimaan sangat lancar.
Samsul Hadi,5,2023-06-03 13:28:42,Bagus aku mau coba kelihatan nya menarik
Intan Tricahyani,3,2023-06-03 13:28:22,suka ngelag bngttt pdhl memo ga penuh
Meutia Salsabila,3,2023-06-03 13:27:37,"capek beutt kalo buka ni app, lemottt bangett, plisss perbaiki dong emosi mulu kalo lagi scroll barang lemott parahh"
Bhrl â€¢ Swy,1,2023-06-03 13:27:29,Aplikasi jelek banget argh
Agus_bhontot Official,5,2023-06-03 13:27:12,Sangat membantu saya untuk mencari barang
Imam,1,2023-06-03 13:24:30,Lemooottt apk sangat beraaaatt apus juga ni lama lama
Suryo Gunanto,5,2023-06-03 13:24:01,Shopee masih yang terbaik....
kukyuii,1,2023-06-03 13:23:14,berat amat aplikasi ny
hendro ludirman,1,2023-06-03 13:22:31,Lemot parah ram masih tersisa 4gb memori internal masih 98gb apakah masih kurang ya hanya menjalan kan apk iniğŸ¤¦â€â™‚ï¸ğŸ¤¦â€â™‚ï¸ğŸ¤¦â€â™‚ï¸ğŸ¤¦â€â™‚ï¸
Fariz Firmansyah,5,2023-06-03 13:21:28,Pokoknya the best lah
Tesalonika Walewangko,5,2023-06-03 13:20:30,Baik
Taufik sudrajat,5,2023-06-03 13:19:50,Memuaskan
Kokoronashi 6382,5,2023-06-03 13:19:49,"Kenyamanan no 1, cuma di shopee aja.."
Nur Hayati,5,2023-06-03 13:19:34,Bagus banget buat blanja di utangin jugağŸ˜ tapie tetep bayarnya harus amanahğŸ¤—
jekky Chen,5,2023-06-03 13:19:14,Yaa begitulah
Jusniar 70,5,2023-06-03 13:19:08,"Sangat membantu untuk semua keperluan.....mantap, sukses selalu shopee"
Apriliani Gina rizki,1,2023-06-03 13:18:37,"Lemot parah bangettt,mau bayar pake shopepay aja butuh waktu 1jam makin kesini makin gajelasss"
Gilang Maisuriandi Putra,1,2023-06-03 13:18:10,"Kurir ny ga ramah, Seharusnya shopee punya fitur profile kurir biar yg beli kagak pusing lagi nunggu barang... Soalnya kurir disini nelpon biasa ujungÂ²nya satu hari barang gagal karena no ku ga ke telpon... Seharusnya shopee kasih biodata kurir yang mengantar ke tempat tujuan.. sehingga jika pembeli ada kesalahan teknis, bisa menghungi kurir mengunakan alat komunikasi yg lain... Kayak whatsapp atau hp lain... Jadi barang ga asal batal aja sama kurirnya.. ditunggu pembaharuan nya..."
BEGUNDAL Bet,5,2023-06-03 13:18:06,Ok
Erina Damayanti,2,2023-06-03 13:18:04,"Maaf saya ubah karna 2 Minggu tidak aktif, padahal setiap hari aktif tuh shopee selalu dibuka. Pantesan ada yang beli tidak bisa, dgn alasan saya tidak aktif 2 Minggu, padahal selalu buka tiap hari."
Elsa Marsha andita,1,2023-06-03 13:17:28,saya tidak pesan barang tapi ke pesan sendiri 3 barang dong langsung aku hapus
Abdullah Fikri,5,2023-06-03 13:17:20,Sangat membantu terima kasih
Solatiah Tia,4,2023-06-03 13:16:42,Jarang dpt gratis ongkir yg 0rupiah
gideon markus,5,2023-06-03 13:16:22,pas
Mohammad Prayoga,1,2023-06-03 13:14:35,"Koinya udh susah payah ngumpulinya,belum juga digunakan mlh ilang"
Arul Arul,3,2023-06-03 13:12:19,Kurirnya gk Rama trus kan aku pesan COD malh disuruh ambil sendiri idihh
Adzkia Azzahra,5,2023-06-03 13:11:17,Lebih baik MB nya di kurangin yağŸ‘
Farizy Anakcerdas,4,2023-06-03 13:10:02,Bagus dan baik tapi tolong jangan update terus
Maria Ulfa,1,2023-06-03 13:10:00,Aplikasi lemot kacauğŸ‘ğŸ‘
fachruddin grezix,5,2023-06-03 13:09:48,ğğ¤ ğ¬ğ¡ğ¨ğ© ğ²ğ  ğ­ğğ­ğ©ğğ«ğœğšğ²ğš
Andi Tanjung,5,2023-06-03 13:09:29,Mantul
Danang Porwanto,5,2023-06-03 13:08:40,Mantap
Sopan Sopian,5,2023-06-03 13:08:13,Sangat Bagus
ferry hidayat,5,2023-06-03 13:08:04,"Aplikasi belanja online yang top banget, selalu ada ongkis kirim gratis. Top banget Shopee."
Martinus,5,2023-06-03 13:07:44,Shopee the best
Pengejar Akhirat,1,2023-06-03 13:07:33,"Shopee ibarat nya. Piramida di hancurkan oleh firaun nya sendiri. Mengecewakan pedagang,pembeli,dan afiliator,dengan kebijakan yg mengecewakan."
marina kusuma,1,2023-06-03 13:06:43,"Makin lama makin lemot, makin lemot, jgn bilang cek dulu sdh update blom, internet bagus tidak ya, device mencukupi tidak, mmg asli lemot, dan mmg gak bisa memperbaiki krn bisanya nyalahin penggunanya"
Yani Sopian,5,2023-06-03 13:06:24,Ok
Lapian Alvino,1,2023-06-03 13:05:55,"padahal bukan hp kentang ruang device saya masih banyak kapasitas, masih saja lemot buka apk shopee doang"
Fajrin Amri,5,2023-06-03 13:04:37,mantap
FRESTIFAN DAVID SAPUTRA,5,2023-06-03 13:02:31,aplikasi ini sangat bagus buat belanja online dan minum sekali penipuan
Arya Brar27,5,2023-06-03 13:01:12,Mantep
Yusuf,5,2023-06-03 13:00:57,Aplikasinya lemot banget
Kita Komputer,5,2023-06-03 12:59:57,Gassss
Yusuf Usup,5,2023-06-03 12:59:24,Sang at memuaskan
Asep Masri,5,2023-06-03 12:58:19,Mantap pokoknya
Tama Amar,5,2023-06-03 12:56:19,bagus
Edi Kurniawan,5,2023-06-03 12:56:09,Shopee oke banget
Indra Juans,5,2023-06-03 12:55:49,Lemot nya Shopee ....aplikasi makin ga tentu mau ini itu susah buka nya..keberatan untung kali ya Shopee ini
Sobana Mandala Putra,5,2023-06-03 12:55:48,Mantap buat belanja onlen
Ono Sarto,5,2023-06-03 12:55:07,Cakep
Tolopan tobing,2,2023-06-03 12:54:18,Saya tidak suka bagat
ADT family,5,2023-06-03 12:54:02,Mantaaap
Zaenab Zaenabbb,1,2023-06-03 12:53:41,baik
Saepuloh Siliwangi,5,2023-06-03 12:52:37,Bagus
Grisella Tatum,5,2023-06-03 12:52:20,Mantap
Lolly Popping,5,2023-06-03 12:52:02,Apknya bagus bgtt Saya sgt suka apk shopee ğŸ¥°ğŸ‘ğŸ»ğŸ‘ğŸ»ğŸ‘ğŸ»ğŸ‘ğŸ»ğŸ‘ğŸ»ğŸ‘ğŸ»ğŸ‘ğŸ» ayo instal apk inii
Toni Hidayat,5,2023-06-03 12:50:39,mantap
Dadi Anti,5,2023-06-03 12:50:18,ok
Happy Or Sad,1,2023-06-03 12:50:08,lamaa loading jugaa se abad
Maulani Dinitahardja,4,2023-06-03 12:48:48,baguss dehh buat belanja online
M Nuh,5,2023-06-03 12:48:29,Ok
Cusnul Imah,5,2023-06-03 12:48:20,puas blnja di shopee
Tata Nurjanah,3,2023-06-03 12:48:14,Ayo dong kalo buat Live shopee kenapa sinyalnya susah bgt si sekarang.... Buat bayar aja loading bgt ni ke pin nya kenapa skrg shopee lemot bgt??? Huh
Dedy Suherman,1,2023-06-03 12:48:03,Di menu tab Shopee pinjaman tdk ada..
Dio ORGALES,2,2023-06-03 12:47:28,Apk gak jelas ini hp spek Snapdragon 8gen2 pun lemot ğŸ‘
Budi Sulistyo,5,2023-06-03 12:47:25,is the best
Iwan Ajh,5,2023-06-03 12:46:27,aplikasi krennnnnnn
arman syarifudin,5,2023-06-03 12:46:07,Saya merasa dibantu oleh Shopee
Septi Fujiati,5,2023-06-03 12:46:04,kereen
Dodi Jamaludin Malik,5,2023-06-03 12:44:35,Ok
Elin k Khotimah,1,2023-06-03 12:42:46,"Shopee sekarang filter Untuk memilih daerahnya ga sesuai, daerahÂ² lain yang ga kupilih tetep masuk ke beranda, mohon perbaikannya, susah kalau mau nyari barang di daerah yg dipilih"
Zianka Deandra,1,2023-06-03 12:41:34,apk nya udh oke tapi leg nya itu loh jaringan ga ada masalh tapi ngeleg
Raniaja 450,5,2023-06-03 12:41:10,Sangat merasa senang dan puas berbelanja di shopee
Fikri pauji Fikri,2,2023-06-03 12:40:44,Arti huhGG guy hari ggyXV mmW
Novriandi Ramdani Pratama,1,2023-06-03 12:40:19,"Gara"" lemot, uang saya udah terkuras, sampe skrng penjual masih belum dikemas barangnya, tapi gak bisa konfirmasi sebab lemot"
arifatun nahar,5,2023-06-03 12:40:16,Belanja trs dishope bahkan uda jdi member platinum tp voucher gratis ongkirnya sedikit gk kya sblm2nya.
Didin Ahmadin,1,2023-06-03 12:39:54,udah males gua nonton video shopee hadiahnya koin ga guna ğŸ‘
naifah,1,2023-06-03 12:39:20,iklan mulu. tp ini iklan tetiba pdhl lg ga buka aplikasi shopee nya:)
Ilham Mahmuda,1,2023-06-03 12:38:32,Aplilasinya sangat lemot padahal jaringan lancar.please perbaiki lagi aplikasinya.Aplikasinya sangat tidak direkomendasi untuk didownload
Al Oray,5,2023-06-03 12:38:05,Sukses terus shopee dan tetap jaya Saya senang blanja d shopee pelayanan nya bagus Dan pengantaran terpercaya
tony stark,5,2023-06-03 12:37:41,Keren
Ratna Sari,1,2023-06-03 12:36:53,"Kenapa ya sudah di perbarui ,tpi masih tidak bisa belanja ,tolong penjelasan nya ya terimakasih."
teguh mardhika,5,2023-06-03 12:36:49,Huhuy...
Nekopoi Nekopoi,5,2023-06-03 12:36:40,Goof
Taufik Hidayah,5,2023-06-03 12:36:25,ğŸ‘ŒğŸ˜ğŸ‘
Christian Tonapa,1,2023-06-03 12:36:10,Mengganggu
Muhammad Basri,1,2023-06-03 12:35:25,lemot... padahal sinyal kuat internet kencang :( maaf bintangnya di kurangi
Anifa Saadom,5,2023-06-03 12:32:10,Sangat mudah untuk berbelanja
Moh Romadhon,5,2023-06-03 12:31:01,"Belanja lebih lengkap, lebih aman"
Hengki Supianto,5,2023-06-03 12:29:54,ğŸ‘
Yinyang Thongceng,4,2023-06-03 12:29:52,Sangat membatu dn memudahkan dalam berblanja
Rick Lito,5,2023-06-03 12:27:45,Aman dan terpercaya
Zaenal Arifin,2,2023-06-03 12:27:36,aplikasi lemot. rak niat
Rahayu Wahyuni,4,2023-06-03 12:27:35,Barang yang saya beli d shoopy rata2 tidak sesuai dengan yang aslinya
Muali Mah,5,2023-06-03 12:26:14,"Suka dengan aplikasi Shopee. Begitu gampang cari barang, banyak pilihan ditampilkan, dan ada gratis ongkirnya juga. Semoga kedepan semakin okay layanan shopee ğŸ‘"
manusia rapuh,1,2023-06-03 12:23:55,Respon shopee kalo mau balikin barang di persulit
Syarief Wazjdi,1,2023-06-03 12:22:21,Download apk nya sudah terlalu berat & jd gagal trs
suradi,3,2023-06-03 12:22:02,iklan slalu nongol
KUNTJI Channel,2,2023-06-03 12:21:38,"Maaf shopee bintang saya kurangi,. Berat banget sekarang,. Sinyal oke, wifi ok, tapi kok lemot,. Padahal aq belanja online suka di shopee,. Apalagi videonya di ganti dengan koin, bukan Rupiah lagi,. Jadi males nonton video saya,. Ngabisin kuota tahuÂ² cuma dapat koin,. Jangan gitu shopee,. Klo normal lagi saya naikin lgi bintang nya shopee"
Ryo Ma,1,2023-06-03 12:20:02,Force close ngelek benerin bugnya tolol
aive 8,3,2023-06-03 12:19:58,ram 8 internal 128 kok ngefreeze buka shoope ğŸ˜‚ banyak errornya juga
Ida Sinurat,5,2023-06-03 12:19:33,Cepat dan aman
Ari Pratama,4,2023-06-03 12:18:05,bagus
Kamarudin Saha,5,2023-06-03 12:17:29,ok
Aresma Lisda,4,2023-06-03 12:17:27,bisa ngasilin koin tiap hari
Maman Nurjaman,2,2023-06-03 12:14:44,"Katanyh ongkir gratis ko pangkas biaya ongkir nyh cuman setengah,, ada biaya penangan pula hadeuh Shoppe yg ku kenal bukan seperti yg dulu"
SAKBAN SAKBAN,5,2023-06-03 12:14:15,Baru pertama pesan lewat Shopee tapi pelayanannya mantab
Halimah 02,5,2023-06-03 12:14:15,Ok
Auu Quasio,5,2023-06-03 12:14:01,"Pihak shopee tolong tambahkan fitur pembayaran melalui dompet digital seperti Dana,Ovo dll.Supaya lebih memudahkan pembelian barang Terimakasih."
Mia Ati,5,2023-06-03 12:13:17,Pengalam belanja disini sangat puas
Laila Larasati,5,2023-06-03 12:11:38,cinta
Dhaka Partamana,5,2023-06-03 12:11:18,Sangat membantu
Ruspah Priyono,5,2023-06-03 12:10:17,Shopee aq suka kamu shopee.. Untung ada shopee semua teratasi.
Asep Syarif,5,2023-06-03 12:10:15,Good
Kherny Zakaria,1,2023-06-03 12:09:35,"JELEK BANGET! kenapa pas download gak sekalian sama fitur fiturnya? KAN BUKA SHOPEE NYA JUGA PAKE KUOTA! nyesel banget download ini, download fiturnya susah, kuota sampai habis cuma buat apk jelek ini."
Putra Banua,3,2023-06-03 12:09:34,Makin hari makin lemot.
Anggraeni Novie,5,2023-06-03 12:09:21,Top markotop
Bunga Julianti,5,2023-06-03 12:09:12,Shopee tetap terbaik
Mamluk Poll,3,2023-06-03 12:08:23,Kadang lemot shopee ini..
Meli Dian,4,2023-06-03 12:08:23,cepat prosesnya
Asheryee,1,2023-06-03 12:07:58,Sering banget update tapi lemotnya KEBANGETAN!!! GILA!
Sugi Arti,3,2023-06-03 12:07:29,Shopee kalo bisa ganti pengiriman jangan pake jnt dan jne karna karyawannya brengsek2
Madah Mahda,5,2023-06-03 12:07:11,Ok
Ujang Harmadi,5,2023-06-03 12:06:56,"Cepat, tapi sekarang sering lemot...tlg di perbaiki"
Darge,5,2023-06-03 12:06:49,Mantap dan mantap
Fikri Ramadan,2,2023-06-03 12:06:15,Iya ni Shopie makin lama makin gini
siska Citrawardany,5,2023-06-03 12:05:58,Bagus gercep
Muchamad Fauzi,5,2023-06-03 12:05:01,Barang gak ngecewakan
Maria Jessica,1,2023-06-03 12:04:26,"Kalo download,jadi byk iklan Ga usah bikin iklan byk byk ,pusing kepala ku gr gr kelen"
Gita Chandra Perwira,1,2023-06-03 12:04:25,"Kecewa dengan kurir. Kita nanya baik baik, dia malah nyolot."
Puja AST,5,2023-06-03 12:04:10,"Oke sih, tapi tingkatkan lagi kestabilan app nya.. agak sdikit lelet"
Nursinta Nur,4,2023-06-03 12:02:08,Wohhh
Wanas Saputra,5,2023-06-03 12:01:03,Aplikasi ny sangat bgus pengiriman ny jg cepat dan murah
ishol alhisyam,4,2023-06-03 12:00:13,Bagus
Novan Dwi,5,2023-06-03 12:00:05,Mantap pokoknya
Nouval Abyan nandana,5,2023-06-03 11:59:37,sayang di SPay leter nya gabisa di gunain gajelas apa alasan nya
Rajiman Chanel,4,2023-06-03 11:58:23,Cepat dan sesuai.
aceng rustandi,5,2023-06-03 11:57:22,mantap sukses slalu shopee
najaemin,1,2023-06-03 11:57:09,"Menurut saya shopee sekarang lebih sedikit pelayanan baiknya dri pada sebelumÂ² nya,tiga kali paket saya belanja online disini selalu diretur tibaÂ² dari pihak ekspedisi,kemudian apk nya berat,sering terjadi juga mendapat produk tidak sesuai pada deskripsi toko,tolong admin. Kalau bisa di pilah lagi orang2 yang mau buka usaha nya di shopeeğŸ™ğŸ»"
Kelly Saputri,4,2023-06-03 11:56:28,Sangat membantu pencarian barang di seluruh Nusantara
Anisa Anisa,5,2023-06-03 11:55:05,ok
Sarsiah Putri,5,2023-06-03 11:54:45,Aplikasi nya bermanfaat
Boby Faturahman,1,2023-06-03 11:54:45,Saya member platinum kecewa dengan shopee yang sekarang makin ribet transfer ke bank swasta jadi g bisa
Fatkhur Roji,5,2023-06-03 11:50:38,Aplikasi akurat dan terpercaya.
anak Soleha,5,2023-06-03 11:49:59,"Suka banget Belanja pakai shoppe apalagi kalau dapat gratis ongkir nol rupiah uh suka banget, makasih shoppe karenamu aku jadi mudah belanja cod gratis ongkir pertahankan ya ğŸ˜ğŸ˜ğŸ˜ğŸ˜ğŸ˜"
Javanese Spa,5,2023-06-03 11:48:05,Aplikasi yg sangat bermanfaat
Fachrizal Abdullah,5,2023-06-03 11:47:34,Shopee pengiriman ya selalu cepat ğŸ‘ğŸ‘ğŸ‘
Tunggal Santoso,1,2023-06-03 11:46:25,Aduuh habis di update kok tambah amburaduuul gini apl nya
Irsyad Evano,5,2023-06-03 11:46:24,"Pelayanan sangat memuaskan, barang murah-murah"
Dinda Wacita,5,2023-06-03 11:46:15,Good application. Thank you so much to help me get cheeper prizes when shopping.
Gunawan Awan,5,2023-06-03 11:45:37,shoppe oke
Ahmad Khotim fz,3,2023-06-03 11:45:02,Pengiriman sekarang jadi lelet .. Kelamaan
Muhammad Haekal,1,2023-06-03 11:45:00,Lemotttttt
Muhamad Ayub,2,2023-06-03 11:44:22,Apa bnr shophe bisa memberi keberuntungan terutama utk yg membutuh kan
Ahmad Jnwr,1,2023-06-03 11:42:45,"Aplikasi agak aneh nih, orang ga instal instal sendiri"
Rashya Emran,2,2023-06-03 11:42:41,Kenapa yh mau aktifkan shoppepayletrr GX bisa..udh tiga kali gagal trus padahal bnr...bantu sya dong.aktifka. Shoppe leter Susan bngt .ğŸ¥µğŸ¥µğŸ¥µğŸ˜¡ğŸ¥´ Dan perbaiki kelemotan aplikasi nya boss
Sugi Ono,2,2023-06-03 11:42:13,Gttvbbtt yang tidak bisa Hyung Joon by bvv vrvvvt
Muhajir M99,3,2023-06-03 11:40:20,Terlalu mahal ongir nya
Kartika Andriani Pratama,2,2023-06-03 11:38:27,Sering eror
Yoga Putra,1,2023-06-03 11:38:10,Ntah gk tau knp shoope makin lama makin ngeheng alias lemot
susi yulyanti,5,2023-06-03 11:37:32,Terbaik pokonya....
Andry Ant,1,2023-06-03 11:37:30,Force close lagi..
Ulfi Nurfitriani,5,2023-06-03 11:37:06,Sangat cocok untuk kaum mager seperti ku Banyak voucher gratis ongkir
Dewi Cempluk,5,2023-06-03 11:36:23,"Pertama kali mencoba, dan cukup memuaskan dengan semua pengalamannya.. mudah dan praktis bagi kami pengguna baru,"
Wahyu Muryadi,5,2023-06-03 11:35:38,jos gandos
Zasky Ramadani,1,2023-06-03 11:34:57,Kenapa shopee ga bisa di download si
A Riyadhus sholihin,3,2023-06-03 11:34:14,"Bagus sih nambah fitur-fitur baru, tapi sayangnya gak jelas, error mulu"
Ambar Winarto,5,2023-06-03 11:32:29,Memang aplikasi belanja lewat shoppe ini banyak geratis ongkirnya jd gk terlalu mahal thanks shoppe..
Jihan Han,2,2023-06-03 11:31:36,Lemot bgt deh bikin kesel aja
Husnul Khotimah,5,2023-06-03 11:31:23,Barang sesuai deskripsi dan cepat
Dewanti Rosario,5,2023-06-03 11:30:20,Senang belanja menggunakan shopee dimudahkan dan beragam produk serta ulasanÂ² yg sangat membantu
aab oliq,5,2023-06-03 11:27:44,Shopee kamu memang cantik
sandi andrean,5,2023-06-03 11:27:38,ok
Juheb ID,1,2023-06-03 11:26:51,"Maaf yah aku uninstal, kualitasnya sekarang jelek banget lemot dan yah gratos ongkir nyabpun iuuhhh banget skrg beralih ke TIKTOK lebih manteup warbyaza pokonya ,"
Naruto Cell,5,2023-06-03 11:25:08,Paket saya 2kali hilang menggunakan shopee express. Nunggu sampai 18 hari ujungnya kecewa. Kalau gak diperbaiki ekspedisinya saya tetep kasi bintang 1
Muhamad Fauzi,5,2023-06-03 11:23:31,Mantap
iseng-iseng santai,1,2023-06-03 11:22:49,Handling komplain di shopee jelek banget. Komplain terkait barang yg tidak datang2 bukanya ditangani malah banyak bot yg jawab. Jelekkkk handlingnya.parah.
Widia Sari,1,2023-06-03 11:22:32,"Aplikasi ini kurang banyak bersyukur Duluny setiap Belanja ga ada biaya admin 1000 skrng ada. Dulu bisa top up Sampek berjuta2 ga di batasi, skrng harus 1jt ,itupun dulu ga ada biaya admin, skrng Adm 1.500 nambh lagi skrng 2000 , astaghfirullah banget makin gila duit, aplikasi berat Padahal pengguna apk shoope sudah melimpah masih saja kurang dan semuany di Adm kan Saya sangat kecewağŸ¥º pantas saja skrng banyak Sdah beralih ke TikTok ğŸ˜Š"
Gunawan Bahtiar,1,2023-06-03 11:22:12,Terlalu banyak iklan
Suhardi Hardi,5,2023-06-03 11:22:11,Best banget
Okta Tri,5,2023-06-03 11:21:35,ğŸ˜ŒğŸ˜Œ
Sefur Rohman,5,2023-06-03 11:20:30,sangat membatu . walau kadang ada keterlambatan pengirimn
Surya Anggi,5,2023-06-03 11:20:13,"Mau beli apa""tinggal di shopee solusinya"
Angel Sari,5,2023-06-03 11:19:41,Sangat membantu saat mencari apa yg mau di beli....mksh shopee
Siti Fatimah,5,2023-06-03 11:19:18,yihaa
Andri Sopian,1,2023-06-03 11:18:32,"Aplikasi paling lag, berat, banyak fitur gak berguna. Intinya ini aplikasi ampas banget. Jauh berbeda sama aplikasi si ijo."
Nuur hayyu,3,2023-06-03 11:18:09,kok ga bisa download:(
Mellie,1,2023-06-03 11:17:40,Apk nya udh bnyk org yg pake tpi msh lagÂ² gkjls tolong di perbaiki dong gangu bgt!!
Erfan Elly,5,2023-06-03 11:17:24,bagus
Ijul Julizah,5,2023-06-03 11:17:00,Kren
Rehulina Cr.ginting,5,2023-06-03 11:16:38,"Masih kurang mantap , karna masih sering lengket tidak tau kenapa"
Wilina Asni,5,2023-06-03 11:15:28,sangat bagus
Yeni Mulyani,5,2023-06-03 11:14:35,Puas dengan pesanan nya
Yadi Bhule,5,2023-06-03 11:13:51,Tidak mengecewakan
Amir Rullah,5,2023-06-03 11:13:25,Mantap
Pramudita Ningrum,1,2023-06-03 11:13:04,Force close akun mau masuk nomer ditemukan aplikasi ampas lama lama
Anggikesya Juliarta,4,2023-06-03 11:12:12,perfect
Maryanah Yana,5,2023-06-03 11:08:37,Sinyal baguss...bagusss aja & Slalu dpt barangnya sesuai pokoknya realpitc.kerennn...kerennn
Diahayu meilia,5,2023-06-03 11:07:48,Dancok
Ocha Warocha,3,2023-06-03 11:07:32,"lemot banget, padahal cache aplikasi sudah saya hapus, jaringan bagus stabil, tapi untuk proses menghapusi keranjang saya klik klik berkali2 lama responnya tolong perbaiki."
Yeti Pustina,1,2023-06-03 11:05:56,bagus
Putri oktavia,5,2023-06-03 11:05:53,Top
XEB XEB,5,2023-06-03 11:05:26,ok
Sayra Nova,5,2023-06-03 11:03:45,sangat bagus
rafi ahmad,5,2023-06-03 11:02:10,mantap
Oemah Koi,5,2023-06-03 11:02:07,Bagus & cepat
D3K real,5,2023-06-03 11:01:14,Menarik
Kholid Mawardi,5,2023-06-03 11:00:42,Ok
Airin Fatmanda,5,2023-06-03 11:00:19,Sangat puas belanja d shopee
Sofi Yudin,5,2023-06-03 11:00:04,Oke bagus
Yoyo,5,2023-06-03 10:59:45,Tolong produk yg palsu di blokir Banyak hp android yg ga jelas merknya di jual di shopee
yutub Free,1,2023-06-03 10:58:37,"Memang dari aplikasi nya yang lemot Masa iya sih gua udah iphone 14 masih aja lemot, dan juga belakangan ini keluhan terbanyak itu masalah respon aplikasi nya. Jadi kalian itu harus memperbaiki nya bukan malah nyuruh ini itu lah. Liat aja tuh rate kalian turun jauh ğŸ¤£"
bond anna,5,2023-06-03 10:58:17,Shopee semakin didepan...mantappp
Nomi Novita,5,2023-06-03 10:58:02,"Belanja di sini puas banget,sering dapat gratis ongkir,harga discount,produk2 yang di jual juga rata2 yang aku beli ORI,bagus,dan tidak mengecewakan.Thank you Shopee"
Hariyati C1B111218,5,2023-06-03 10:57:34,Mantappp sekarang shopee
Epi Saepul malik,5,2023-06-03 10:56:25,Ok baik
Duta Ponsel,5,2023-06-03 10:56:24,Keren
Yaksha Shiro,5,2023-06-03 10:55:54,trimksih
Alan Adjilahu,5,2023-06-03 10:55:46,Mantap sklii
Syafika Devi sari,2,2023-06-03 10:54:23,Lemot trus pas krim pesan jd susah mw komplain barang
narutouzumaki99,5,2023-06-03 10:53:13,8saehnd imutunya
Wandi Suhendi,5,2023-06-03 10:52:27,"Belanja di shoppe tokonya banyak yg amanah,,gak abal2,,sangat membantu"
Imung Sugiarti,5,2023-06-03 10:51:17,Bagus
Black Spider,5,2023-06-03 10:51:16,Jos gandos
Rahmat Novianto,4,2023-06-03 10:50:55,"Aplikasinya makin berat, sering lag"
Dewi Kartini,5,2023-06-03 10:50:51,"Seneng blanja di sini. Terutama utk produk fasion, kecantikan n rumah tangga. Semoga selalu dan selamanya jaya."
Adilanilam Ardani,5,2023-06-03 10:49:42,cucok
Ziero Aro,1,2023-06-03 10:49:18,"Lag sering fc di android, prosesor hp gw sd 870.."
Igniwati Napa,5,2023-06-03 10:49:14,Sangat Baguss
clala clili,1,2023-06-03 10:48:20,"Kami semua merasa sangat kecewa dengan app ini, sebagai pengguna lama kami merasa dikecewakan dengan app ini. Sudah ratusan pengguna yg memberi tanggapan yg sama atas performa app ini, tp responya malah tambah bikin kecewa,"
yovi aja,1,2023-06-03 10:46:37,"biaya top up mahal ,ongkir mahal apknya lelet ,denda nya mahal daripada leasing lain"
Andra Soni,5,2023-06-03 10:45:34,Menarik
Dewi Nurhayati,5,2023-06-03 10:43:13,Bagus sesuai harga pengiriman cepat terima kasih
Rizka.kaka_ _,1,2023-06-03 10:41:47,Lemot aplikasinya sinyal kenceng mau co malah muter terus ga maju maju
atek silung dan the sariak layung compeni,5,2023-06-03 10:41:39,Aplikasi nya sekarang kadang suka lemot sangat mengganggu....
shakila adiba,5,2023-06-03 10:41:24,Good
Ade Dzikra,5,2023-06-03 10:39:31,Mantap
budi slamet,3,2023-06-03 10:38:32,Lumayan
Iwanwan Iwanwan,5,2023-06-03 10:38:10,bagus
Iwan Jaenudin,5,2023-06-03 10:37:37,Sangat membantu untuk keluarga saya Bila malas keluar rumah tinggal pesan di shoopee
Ghazy Helmi,5,2023-06-03 10:37:13,Bagus
Singgih Hasanul Baluqia,5,2023-06-03 10:37:07,Terima kasih banyak Tim Shopee.. luar biasa.. sangat membantu.. Pertahankan jika perlu di tingkatkan..ğŸ‘
Andry Metta,5,2023-06-03 10:37:06,Puas
Wong Pitoe,1,2023-06-03 10:36:59,"Lemot , penyelesaian masalah barang hilang di ekspedisi lama"
Yuli Indrawati,1,2023-06-03 10:36:30,Gajelas bgt pdhl jaringan bagus tpi pas menunggu fitur baru ngelag pdh ga ngelag di pencarian mah
Putra Putra,5,2023-06-03 10:36:24,Bagus walaupun belum coba
Tania Febri,5,2023-06-03 10:36:23,"Udah bayar spinjam Tp limit nya ko nggk bertambah , pdahal d notifikasinya ada tulisan bahwa limit akan d kembalikan tp tdk bertambah limitnya"
Rajendra Niya,4,2023-06-03 10:36:05,"Buat pelayanan bagus, setiap produk yg ditawarkan cukup rekomended utk sementara ini, trmksh Shoppe"
Angler Hs,1,2023-06-03 10:35:38,Ketegasan shope sangat buruk terhadap akun penjual penipu
DWI WAHYUNI,5,2023-06-03 10:35:36,suka belanja online di shopee
Fadlun Lun,1,2023-06-03 10:35:06,Kenapa iklannya datang terus ini tanpa di minta. Mengganggu aktivitas ku saja tolong jangan muncul muncul lagi.
Edwardsyah Sagala,4,2023-06-03 10:34:13,shopee aplikasi yg paling ok
Tedy Adi,1,2023-06-03 10:34:03,"Lemot sering nge lag ,cicilan makin mahal !!"
Iyasa Dina,5,2023-06-03 10:33:56,Setiap permasalahan pengiriman selalu ada solusi
Anton Gaming,5,2023-06-03 10:33:31,"Keren ,sangat membantu sekali"
Supriyani Jahra,4,2023-06-03 10:33:00,I love shopee...sampe sekarang tetep love sih ......tapi sayang lemot padahal jaringan nya bagus tapi gak bisa lihat video diaplikasi nyağŸ˜“
